IDR_Podab,IdBaza,IdSezon,IdZesz,Ztyp,Znr,Zpage,Zrow,CoStaSit,Year,Seas,Date,Pole13,Date2,MD,Hour,Pole17,Ring Type,Ring Ser,Ring No,Ring,Pole22,Stat,Net,Species Code,English Name,Latin Name,AddInfo,Sex,Pole30,'?',Euring,Age,Pole34,Pole35,WIEK,SZATA,Fat,Pole39,Tip,Pole41,M1,Pole43,M2,Pole45,M3,Pole47,M4,Pole49,M5,Pole51,M6,Pole53,D2,Pole55,D3,Pole57,D4,Pole59,D5,Pole61,D6,Pole63,D7,Pole65,D8,Pole67,Extra 1,Pole69,Extra 2,Pole71,Wing,Pole73,Tail,Pole75,Weight,Pole77,DW,Notch/Dziób,Pole80,LocN/Pazur/Kipp,Pole82,P1-P2,Pole84,P1-PC,Pole86,Special 5,Pole88,Special 6,Pole90,Special 7,Pole92,Special 8,Pole94,Comments,Notes_T,CodeR,KOND,OKOL,CHWYT,WABIK,MANIP,PRZEM,NAZWOB2,BŁĄD,Godz,DT,OB2,TYP2,CTR2,KRZ2,NROB2,Name,OB1,TYPE1,CTR1,DD,STATUS,Index l',Index e',Index L,Index E,Index H,FotoB,FotoW,D9,D10,SSMA_TimeStamp
1924534,15471,1,1,L,1,1,1,PL.BK.08,2017,S,26.03,,2017-03-26,326,6,,LJ,985,45,LJ98545,,O,M,REG.REG,GOLDCREST,REGULUS REGULUS,,M,,,2,I,,,2,,0,,45,,1,,1,,5,,06,,7,,,,6,,1,,0,,0,,1,,5,,7,,,,,,53,,42,,4.9,,0.1,,,,,21,,+7,,NULL,NULL,NULL,NULL,NULL,NULL,NULL,NULL,,NULL,KRS,ŻYWOB,25,SIEĆ,BEZ,-,-,"STĘPNIEWSKI,KRZYSZTOF",,1899-12-30 06:00:00,2017-03-26 06:00:00,NULL,NULL,NULL,NULL,NULL,KRZYSZTOF STĘPNIEWSKI,O,MET,PLG,0,?,NULL,NULL,NULL,NULL,NULL,NULL,NULL,NULL,NULL,0x0000000000019401
1924535,15472,2,1,L,1,1,2,PL.BK.08,2017,S,26.03,,2017-03-26,326,6,,LJ,985,46,LJ98546,,O,M,CER.FAM,TREECREEPER,CERTHIA FAMILIARIS,,,,,2,I,,,2,,0,,,,,,,,,,,,,,,,NULL,,NULL,,NULL,,NULL,,NULL,,NULL,,NULL,,,,,,68,,NULL,,8.2,,0.1,,,,,23,,+8,,NULL,NULL,NULL,NULL,NULL,NULL,NULL,NULL,,NULL,MWD,ŻYWOB,25,SIEĆ,BEZ,-,-,"WAYDA,MACIEJ",,1899-12-30 06:00:00,2017-03-26 06:00:00,NULL,NULL,NULL,NULL,NULL,MACIEJ WAYDA,O,MET,PLG,0,?,NULL,NULL,NULL,NULL,NULL,NULL,NULL,NULL,NULL,0x0000000000019402
1924536,15473,3,1,L,1,1,3,PL.BK.08,2017,S,26.03,,2017-03-26,326,6,,LJ,985,47,LJ98547,,O,M,TRO.TRO,WREN,TROGLODYTES TROGLODYTES,,,,,P2,A,,,PO2,,2,,,,,,,,,,,,,,,,NULL,,NULL,,NULL,,NULL,,NULL,,NULL,,NULL,,,,,,48,,31,,9.7,,0.1,,,,,13,,+6,,NULL,NULL,NULL,NULL,NULL,NULL,NULL,NULL,,NULL,MWD,ŻYWOB,25,SIEĆ,BEZ,-,-,"WAYDA,MACIEJ",,1899-12-30 06:00:00,2017-03-26 06:00:00,NULL,NULL,NULL,NULL,NULL,MACIEJ WAYDA,O,MET,PLG,0,?,NULL,NULL,NULL,NULL,NULL,NULL,NULL,NULL,NULL,0x0000000000019403
1924537,15474,4,1,L,1,1,4,PL.BK.08,2017,S,26.03,,2017-03-26,326,6,,LJ,985,48,LJ98548,,O,M,REG.IGN,FIRECREST,REGULUS IGNICAPILLA,,M,,,2,I,,,2,,0,,45,,1,,1,,4,,8,,8,,,,8,,1,,0,,0,,1,,4,,8,,,,,,55,,42,,5.3,,0.1,,,,,21,,+5,,NULL,NULL,NULL,NULL,NULL,NULL,NULL,NULL,,NULL,MWD,ŻYWOB,25,SIEĆ,BEZ,-,-,"WAYDA,MACIEJ",,1899-12-30 06:00:00,2017-03-26 06:00:00,NULL,NULL,NULL,NULL,NULL,MACIEJ WAYDA,O,MET,PLG,0,?,NULL,NULL,NULL,NULL,NULL,NULL,NULL,NULL,NULL,0x0000000000019404
1924538,15475,5,1,L,1,1,5,PL.BK.08,2017,S,26.03,,2017-03-26,326,6,,,,,,,D,M,TRO.TRO,WREN,TROGLODYTES TROGLODYTES,,,,,2,I,,,2,,NULL,,,,,,,,,,,,,,,,NULL,,NULL,,NULL,,NULL,,NULL,,NULL,,NULL,,,,,,NULL,,NULL,,NULL,,0.1,,,,,,,,,NULL,NULL,NULL,NULL,NULL,NULL,NULL,NULL,PADŁ PO WYCIĄGNIĘCIU,NULL,MWD,ZŁANIE,08,SIEĆ,-,-,-,"WAYDA,MACIEJ",,1899-12-30 06:00:00,2017-03-26 06:00:00,NULL,NULL,NULL,NULL,NULL,MACIEJ WAYDA,,,,0,?,NULL,NULL,NULL,NULL,NULL,NULL,NULL,NULL,NULL,0x0000000000019405
1924539,15476,6,1,L,1,1,6,PL.BK.08,2017,S,26.03,,2017-03-26,326,7,,LJ,985,49,LJ98549,,O,M,AEG.CAU,LONG-TAILED TIT,AEGITHALOS CAUDATUS,,,,,P1,L,,,PO1,,2,,45,,1,,03,,4,,9,,011,,,,11,,3,,0,,0,,1,,4,,9,,,,,,60,,90,,7.8,,0.1,,,,,21,,+7,,NULL,NULL,NULL,NULL,NULL,NULL,NULL,NULL,,NULL,MWD,ŻYWOB,25,SIEĆ,BEZ,-,-,"WAYDA,MACIEJ",,1899-12-30 07:00:00,2017-03-26 07:00:00,NULL,NULL,NULL,NULL,NULL,MACIEJ WAYDA,O,MET,PLG,0,?,NULL,NULL,NULL,NULL,NULL,NULL,NULL,NULL,NULL,0x0000000000019406
1924540,15477,7,1,L,1,1,7,PL.BK.08,2017,S,26.03,,2017-03-26,326,8,,,,,,,D,M,REG.REG,GOLDCREST,REGULUS REGULUS,,F,,,2,I,,,2,,2,,,,,,,,,,,,,,,,NULL,,NULL,,NULL,,NULL,,NULL,,NULL,,NULL,,,,,,NULL,,NULL,,NULL,,0.1,,,,,,,,,NULL,NULL,NULL,NULL,NULL,NULL,NULL,NULL,,NULL,MWD,MART,01,SIEĆ,-,-,-,"WAYDA,MACIEJ",,1899-12-30 08:00:00,2017-03-26 08:00:00,NULL,NULL,NULL,NULL,NULL,MACIEJ WAYDA,,,,0,?,NULL,NULL,NULL,NULL,NULL,NULL,NULL,NULL,NULL,0x0000000000019407
1924541,15478,8,1,L,1,1,8,PL.BK.08,2017,S,26.03,,2017-03-26,326,9,,LJ,985,50,LJ98550,,O,M,TRO.TRO,WREN,TROGLODYTES TROGLODYTES,,,,,2,I,,,2,,2,,,,,,,,,,,,,,,,NULL,,NULL,,NULL,,NULL,,NULL,,NULL,,NULL,,,,,,50,,31,,9.9,,0.1,,,,,,,,,NULL,NULL,NULL,NULL,NULL,NULL,NULL,NULL,,NULL,MWD,ŻYWOB,25,SIEĆ,BEZ,-,-,"WAYDA,MACIEJ",,1899-12-30 09:00:00,2017-03-26 09:00:00,NULL,NULL,NULL,NULL,NULL,MACIEJ WAYDA,O,MET,PLG,0,?,NULL,NULL,NULL,NULL,NULL,NULL,NULL,NULL,NULL,0x0000000000019408
1924542,15479,9,1,L,1,1,9,PL.BK.08,2017,S,26.03,,2017-03-26,326,9,,LJ,985,51,LJ98551,,O,M,REG.IGN,FIRECREST,REGULUS IGNICAPILLA,,M,,,2,I,,,2,,2,,45,,1,,1,,3,,5,,07,,,,7,,1,,0,,0,,1,,3,,5,,,,,,51,,NULL,,5,,0.1,,,,,18,,+4,,NULL,NULL,NULL,NULL,NULL,NULL,NULL,NULL,,NULL,MWD,ŻYWOB,25,SIEĆ,BEZ,-,-,"WAYDA,MACIEJ",,1899-12-30 09:00:00,2017-03-26 09:00:00,NULL,NULL,NULL,NULL,NULL,MACIEJ WAYDA,O,MET,PLG,0,?,NULL,NULL,NULL,NULL,NULL,NULL,NULL,NULL,NULL,0x0000000000019409
1924543,15480,10,1,L,1,1,10,PL.BK.08,2017,S,26.03,,2017-03-26,326,9,,LJ,985,52,LJ98552,,O,M,REG.IGN,FIRECREST,REGULUS IGNICAPILLA,,M,,,2,I,,,2,,2,,45,,1,,1,,5,,8,,8,,,,8,,1,,0,,0,,1,,5,,8,,,,,,53,,39,,5.1,,0.1,,,,,21,,+8,,NULL,NULL,NULL,NULL,NULL,NULL,NULL,NULL,,NULL,MWD,ŻYWOB,25,SIEĆ,BEZ,-,-,"WAYDA,MACIEJ",,1899-12-30 09:00:00,2017-03-26 09:00:00,NULL,NULL,NULL,NULL,NULL,MACIEJ WAYDA,O,MET,PLG,0,?,NULL,NULL,NULL,NULL,NULL,NULL,NULL,NULL,NULL,0x000000000001940A
1924544,15481,12,1,L,1,1,12,PL.BK.08,2017,S,26.03,,2017-03-26,326,12,,LJ,985,53,LJ98553,,O,M,REG.REG,GOLDCREST,REGULUS REGULUS,,M,,,2,I,,,2,,3,,45,,1,,1,,5,,6,,08,,,,8,,1,,0,,0,,1,,5,,6,,,,,,56,,41,,5.8,,0.1,,,,,23,,+7,,NULL,NULL,NULL,NULL,NULL,NULL,NULL,NULL,,NULL,MWD,ŻYWOB,25,SIEĆ,BEZ,-,-,"WAYDA,MACIEJ",,1899-12-30 12:00:00,2017-03-26 12:00:00,NULL,NULL,NULL,NULL,NULL,MACIEJ WAYDA,O,MET,PLG,0,?,NULL,NULL,NULL,NULL,NULL,NULL,NULL,NULL,NULL,0x000000000001940B
1924545,15482,13,1,L,1,1,13,PL.BK.08,2017,S,26.03,,2017-03-26,326,14,,LJ,985,54,LJ98554,,O,M,CER.FAM,TREECREEPER,CERTHIA FAMILIARIS,,,,,P1,L,,,PO1,,3,,45,,1,,1,,4,,7,,08,,,,8,,1,,0,,0,,1,,4,,7,,,,,,60,,NULL,,9.6,,0.1,,,,,22,,+4,,NULL,NULL,NULL,NULL,NULL,NULL,NULL,NULL,,NULL,MWD,ŻYWOB,25,SIEĆ,BEZ,-,-,"WAYDA,MACIEJ",,1899-12-30 14:00:00,2017-03-26 14:00:00,NULL,NULL,NULL,NULL,NULL,MACIEJ WAYDA,O,MET,PLG,0,?,NULL,NULL,NULL,NULL,NULL,NULL,NULL,NULL,NULL,0x000000000001940C
1924546,15483,14,1,L,1,1,14,PL.BK.08,2017,S,26.03,,2017-03-26,326,16,,LJ,985,55,LJ98555,,O,M,REG.REG,GOLDCREST,REGULUS REGULUS,,M,,,2,I,,,2,,3,,45,,1,,1,,3,,7,,7,,,,7,,1,,0,,0,,1,,3,,7,,,,,,54,,39,,5.7,,0.1,,,,,22,,+7,,NULL,NULL,NULL,NULL,NULL,NULL,NULL,NULL,,NULL,MWD,ŻYWOB,25,SIEĆ,BEZ,-,-,"WAYDA,MACIEJ",,1899-12-30 16:00:00,2017-03-26 16:00:00,NULL,NULL,NULL,NULL,NULL,MACIEJ WAYDA,O,MET,PLG,0,?,NULL,NULL,NULL,NULL,NULL,NULL,NULL,NULL,NULL,0x000000000001940D
1924547,15484,15,1,L,1,1,15,PL.BK.08,2017,S,26.03,,2017-03-26,326,17,,LJ,985,56,LJ98556,,O,M,REG.REG,GOLDCREST,REGULUS REGULUS,,M,,,2,I,,,2,,3,,45,,1,,1,,4,,8,,8,,,,8,,1,,0,,0,,1,,4,,8,,,,,,53,,41,,5.9,,0.1,,,,,,,,,NULL,NULL,NULL,NULL,NULL,NULL,NULL,NULL,,NULL,MWD,ŻYWOB,25,SIEĆ,BEZ,-,-,"WAYDA,MACIEJ",,1899-12-30 17:00:00,2017-03-26 17:00:00,NULL,NULL,NULL,NULL,NULL,MACIEJ WAYDA,O,MET,PLG,0,?,NULL,NULL,NULL,NULL,NULL,NULL,NULL,NULL,NULL,0x000000000001940E
1924548,15485,17,1,L,1,1,17,PL.BK.08,2017,S,26.03,,2017-03-26,326,18,,LJ,963,72,LJ96372,,C,,AEG.CAU,LONG-TAILED TIT,AEGITHALOS CAUDATUS,,,,,P1,L,,,PO1,,2,,45,,1,,02,,4,,9,,011,,,,11,,2,,0,,0,,1,,4,,9,,,,,,62,,86,,7.9,,0.1,,,,,,,,,NULL,NULL,NULL,NULL,NULL,NULL,NULL,NULL,,NULL,MWD,ŻYWOB,25,SIEĆ,BEZ,-,-,"WAYDA,MACIEJ",,1899-12-30 18:00:00,2017-03-26 18:00:00,NULL,NULL,NULL,NULL,NULL,MACIEJ WAYDA,R,MET,PLG,0,?,NULL,NULL,NULL,NULL,NULL,NULL,NULL,NULL,NULL,0x000000000001940F
1924549,15486,19,1,L,1,1,19,PL.BK.08,2017,S,26.03,,2017-03-26,326,19,,LJ,985,57,LJ98557,,O,M,REG.REG,GOLDCREST,REGULUS REGULUS,,M,,,2,I,,,2,,2,,45,,1,,1,,4,,7,,08,,,,8,,1,,0,,0,,1,,4,,7,,,,,,52,,39,,5.8,,0.1,,,,,22,,+7,,NULL,NULL,NULL,NULL,NULL,NULL,NULL,NULL,,NULL,MWD,ŻYWOB,25,SIEĆ,BEZ,-,-,"WAYDA,MACIEJ",,1899-12-30 19:00:00,2017-03-26 19:00:00,NULL,NULL,NULL,NULL,NULL,MACIEJ WAYDA,O,MET,PLG,0,?,NULL,NULL,NULL,NULL,NULL,NULL,NULL,NULL,NULL,0x0000000000019410
1924550,15487,20,1,L,1,1,20,PL.BK.08,2017,S,27.03,,2017-03-27,327,6,,LJ,985,58,LJ98558,,O,M,REG.IGN,FIRECREST,REGULUS IGNICAPILLA,,M,,,2,I,,,2,,2,,,,,,,,,,,,,,,,NULL,,NULL,,NULL,,NULL,,NULL,,NULL,,NULL,,,,,,55,,39,,5.1,,0.1,,,,,20,,+5,,NULL,NULL,NULL,NULL,NULL,NULL,NULL,NULL,,NULL,MWD,ŻYWOB,25,SIEĆ,BEZ,-,-,"WAYDA,MACIEJ",,1899-12-30 06:00:00,2017-03-27 06:00:00,NULL,NULL,NULL,NULL,NULL,MACIEJ WAYDA,O,MET,PLG,0,?,NULL,NULL,NULL,NULL,NULL,NULL,NULL,NULL,NULL,0x0000000000019411
1924551,15488,21,1,L,1,2,1,PL.BK.08,2017,S,27.03,,2017-03-27,327,6,,LJ,985,59,LJ98559,,O,M,TRO.TRO,WREN,TROGLODYTES TROGLODYTES,,,,,2,I,,,2,,2,,36,,1,,2,,04,,,,,,,,4,,0,,0,,0,,0,,1,,2,,,,,,49,,31,,10.5,,0.1,,,,,15,,+6,,NULL,NULL,NULL,NULL,NULL,NULL,NULL,NULL,,NULL,MWD,ŻYWOB,25,SIEĆ,BEZ,-,-,"WAYDA,MACIEJ",,1899-12-30 06:00:00,2017-03-27 06:00:00,NULL,NULL,NULL,NULL,NULL,MACIEJ WAYDA,O,MET,PLG,0,?,NULL,NULL,NULL,NULL,NULL,NULL,NULL,NULL,NULL,0x0000000000019412
1924552,15489,22,1,L,1,2,2,PL.BK.08,2017,S,27.03,,2017-03-27,327,6,,LJ,985,60,LJ98560,,O,M,REG.REG,GOLDCREST,REGULUS REGULUS,,F,,,2,I,,,2,,2,,45,,1,,1,,5,,7,,7,,,,7,,1,,0,,0,,1,,5,,7,,,,,,52,,39,,4.6,,0.1,,,,,22,,+5,,NULL,NULL,NULL,NULL,NULL,NULL,NULL,NULL,,NULL,MWD,ŻYWOB,25,SIEĆ,BEZ,-,-,"WAYDA,MACIEJ",,1899-12-30 06:00:00,2017-03-27 06:00:00,NULL,NULL,NULL,NULL,NULL,MACIEJ WAYDA,O,MET,PLG,0,?,NULL,NULL,NULL,NULL,NULL,NULL,NULL,NULL,NULL,0x0000000000019413
1924553,15490,23,1,L,1,2,3,PL.BK.08,2017,S,27.03,,2017-03-27,327,6,,LJ,985,61,LJ98561,,O,M,TRO.TRO,WREN,TROGLODYTES TROGLODYTES,,,,,2,I,,,2,,2,,36,,1,,2,,04,,,,,,,,4,,0,,0,,0,,0,,1,,2,,,,,,46,,31,,NULL,,0.1,,,,,13,,+8,,NULL,NULL,NULL,NULL,NULL,NULL,NULL,NULL,,NULL,MWD,ŻYWOB,25,SIEĆ,BEZ,-,-,"WAYDA,MACIEJ",,1899-12-30 06:00:00,2017-03-27 06:00:00,NULL,NULL,NULL,NULL,NULL,MACIEJ WAYDA,O,MET,PLG,0,?,NULL,NULL,NULL,NULL,NULL,NULL,NULL,NULL,NULL,0x0000000000019414
1924554,15491,24,1,L,1,2,4,PL.BK.08,2017,S,27.03,,2017-03-27,327,7,,LJ,985,62,LJ98562,,O,M,REG.REG,GOLDCREST,REGULUS REGULUS,,F,,,2,I,,,2,,3,,45,,1,,1,,5,,8,,8,,,,8,,1,,0,,0,,1,,5,,8,,,,,,52,,NULL,,5.1,,0.1,,,,,22,,+4,,NULL,NULL,NULL,NULL,NULL,NULL,NULL,NULL,,NULL,MWD,ŻYWOB,25,SIEĆ,BEZ,-,-,"WAYDA,MACIEJ",,1899-12-30 07:00:00,2017-03-27 07:00:00,NULL,NULL,NULL,NULL,NULL,MACIEJ WAYDA,O,MET,PLG,0,?,NULL,NULL,NULL,NULL,NULL,NULL,NULL,NULL,NULL,0x0000000000019415
1924555,15492,25,1,L,1,2,5,PL.BK.08,2017,S,27.03,,2017-03-27,327,7,,LJ,985,63,LJ98563,,O,M,REG.REG,GOLDCREST,REGULUS REGULUS,,M,,,2,I,,,2,,3,,45,,1,,1,,5,,8,,8,,,,8,,1,,0,,0,,1,,5,,8,,,,,,54,,41,,6.7,,0.1,,,,,22,,+4,,NULL,NULL,NULL,NULL,NULL,NULL,NULL,NULL,,NULL,MWD,ŻYWOB,25,SIEĆ,BEZ,-,-,"WAYDA,MACIEJ",,1899-12-30 07:00:00,2017-03-27 07:00:00,NULL,NULL,NULL,NULL,NULL,MACIEJ WAYDA,O,MET,PLG,0,?,NULL,NULL,NULL,NULL,NULL,NULL,NULL,NULL,NULL,0x0000000000019416
1924556,15493,26,1,L,1,2,6,PL.BK.08,2017,S,27.03,,2017-03-27,327,7,,LJ,985,64,LJ98564,,O,M,REG.REG,GOLDCREST,REGULUS REGULUS,,M,,,P2,A,,,PO2,,3,,45,,1,,1,,5,,7,,7,,,,7,,1,,0,,0,,1,,5,,7,,,,,,55,,40,,5.9,,0.1,,,,,22,,+5,,NULL,NULL,NULL,NULL,NULL,NULL,NULL,NULL,,NULL,MWD,ŻYWOB,25,SIEĆ,BEZ,-,-,"WAYDA,MACIEJ",,1899-12-30 07:00:00,2017-03-27 07:00:00,NULL,NULL,NULL,NULL,NULL,MACIEJ WAYDA,O,MET,PLG,0,?,NULL,NULL,NULL,NULL,NULL,NULL,NULL,NULL,NULL,0x0000000000019417
1924557,15494,27,1,L,1,2,7,PL.BK.08,2017,S,27.03,,2017-03-27,327,8,,LJ,985,65,LJ98565,,O,M,REG.REG,GOLDCREST,REGULUS REGULUS,,F,,,2,I,,,2,,3,,45,,1,,1,,5,,6,,07,,,,7,,1,,0,,0,,1,,5,,6,,,,,,52,,39,,5.4,,0.1,,,,,21,,+4,,NULL,NULL,NULL,NULL,NULL,NULL,NULL,NULL,,NULL,MWD,ŻYWOB,25,SIEĆ,BEZ,-,-,"WAYDA,MACIEJ",,1899-12-30 08:00:00,2017-03-27 08:00:00,NULL,NULL,NULL,NULL,NULL,MACIEJ WAYDA,O,MET,PLG,0,?,NULL,NULL,NULL,NULL,NULL,NULL,NULL,NULL,NULL,0x0000000000019418
1924558,15495,28,1,L,1,2,8,PL.BK.08,2017,S,27.03,,2017-03-27,327,8,,LJ,985,66,LJ98566,,O,M,REG.REG,GOLDCREST,REGULUS REGULUS,,F,,,2,I,,,2,,3,,45,,1,,1,,4,,6,,6,,,,6,,1,,0,,0,,1,,4,,6,,,,,,52,,39,,5.3,,0.1,,,,,22,,+3,,NULL,NULL,NULL,NULL,NULL,NULL,NULL,NULL,,NULL,MWD,ŻYWOB,25,SIEĆ,BEZ,-,-,"WAYDA,MACIEJ",,1899-12-30 08:00:00,2017-03-27 08:00:00,NULL,NULL,NULL,NULL,NULL,MACIEJ WAYDA,O,MET,PLG,0,?,NULL,NULL,NULL,NULL,NULL,NULL,NULL,NULL,NULL,0x0000000000019419
1924559,15496,29,1,L,1,2,9,PL.BK.08,2017,S,27.03,,2017-03-27,327,8,,LJ,985,67,LJ98567,,O,M,REG.REG,GOLDCREST,REGULUS REGULUS,,M,,,2,I,,,2,,3,,45,,1,,1,,5,,7,,7,,,,7,,1,,0,,0,,1,,5,,7,,,,,,54,,40,,5.9,,0.1,,,,,23,,+5,,NULL,NULL,NULL,NULL,NULL,NULL,NULL,NULL,,NULL,MWD,ŻYWOB,25,SIEĆ,BEZ,-,-,"WAYDA,MACIEJ",,1899-12-30 08:00:00,2017-03-27 08:00:00,NULL,NULL,NULL,NULL,NULL,MACIEJ WAYDA,O,MET,PLG,0,?,NULL,NULL,NULL,NULL,NULL,NULL,NULL,NULL,NULL,0x000000000001941A
1924560,15497,30,1,L,1,2,10,PL.BK.08,2017,S,27.03,,2017-03-27,327,8,,LJ,985,68,LJ98568,,O,M,REG.REG,GOLDCREST,REGULUS REGULUS,,M,,,2,I,,,2,,3,,45,,1,,1,,6,,8,,8,,,,8,,1,,0,,0,,1,,6,,8,,,,,,56,,40,,6.3,,0.1,,,,,23,,+5,,NULL,NULL,NULL,NULL,NULL,NULL,NULL,NULL,,NULL,MWD,ŻYWOB,25,SIEĆ,BEZ,-,-,"WAYDA,MACIEJ",,1899-12-30 08:00:00,2017-03-27 08:00:00,NULL,NULL,NULL,NULL,NULL,MACIEJ WAYDA,O,MET,PLG,0,?,NULL,NULL,NULL,NULL,NULL,NULL,NULL,NULL,NULL,0x000000000001941B
1924561,15498,31,1,L,1,2,11,PL.BK.08,2017,S,27.03,,2017-03-27,327,8,,LJ,985,69,LJ98569,,O,M,REG.REG,GOLDCREST,REGULUS REGULUS,,M,,,P2,A,,,PO2,,2,,45,,1,,1,,5,,7,,08,,,,8,,1,,0,,0,,1,,5,,7,,,,,,54,,41,,5.6,,0.1,,,,,24,,+2,,NULL,NULL,NULL,NULL,NULL,NULL,NULL,NULL,,NULL,MWD,ŻYWOB,25,SIEĆ,BEZ,-,-,"WAYDA,MACIEJ",,1899-12-30 08:00:00,2017-03-27 08:00:00,NULL,NULL,NULL,NULL,NULL,MACIEJ WAYDA,O,MET,PLG,0,?,NULL,NULL,NULL,NULL,NULL,NULL,NULL,NULL,NULL,0x000000000001941C
1924562,15499,32,1,L,1,2,12,PL.BK.08,2017,S,27.03,,2017-03-27,327,8,,LJ,985,70,LJ98570,,O,M,REG.IGN,FIRECREST,REGULUS IGNICAPILLA,,M,,,2,I,,,2,,2,,45,,1,,1,,5,,7,,7,,,,7,,1,,0,,0,,1,,5,,7,,,,,,54,,41,,5.4,,0.1,,,,,21,,+5,,NULL,NULL,NULL,NULL,NULL,NULL,NULL,NULL,,NULL,MWD,ŻYWOB,25,SIEĆ,BEZ,-,-,"WAYDA,MACIEJ",,1899-12-30 08:00:00,2017-03-27 08:00:00,NULL,NULL,NULL,NULL,NULL,MACIEJ WAYDA,O,MET,PLG,0,?,NULL,NULL,NULL,NULL,NULL,NULL,NULL,NULL,NULL,0x000000000001941D
1924563,15500,33,1,L,1,2,13,PL.BK.08,2017,S,27.03,,2017-03-27,327,8,,LJ,985,71,LJ98571,,O,M,REG.REG,GOLDCREST,REGULUS REGULUS,,M,,,2,I,,,2,,2,,45,,1,,1,,4,,05,,7,,,,5,,1,,0,,0,,1,,4,,7,,,,,,54,,40,,5.4,,0.1,,,,,,,,,NULL,NULL,NULL,NULL,NULL,NULL,NULL,NULL,,NULL,MWD,ŻYWOB,25,SIEĆ,BEZ,-,-,"WAYDA,MACIEJ",,1899-12-30 08:00:00,2017-03-27 08:00:00,NULL,NULL,NULL,NULL,NULL,MACIEJ WAYDA,O,MET,PLG,0,?,NULL,NULL,NULL,NULL,NULL,NULL,NULL,NULL,NULL,0x000000000001941E
1924564,15501,34,1,L,1,2,14,PL.BK.08,2017,S,27.03,,2017-03-27,327,8,,LJ,985,72,LJ98572,,O,M,TRO.TRO,WREN,TROGLODYTES TROGLODYTES,,,,,P1,L,,,PO1,,2,,36,,2,,5,,06,,,,,,,,6,,0,,0,,0,,0,,2,,5,,,,,,50,,32,,10.3,,0.1,,,,,14,,+7,,NULL,NULL,NULL,NULL,NULL,NULL,NULL,NULL,,NULL,MWD,ŻYWOB,25,SIEĆ,BEZ,-,-,"WAYDA,MACIEJ",,1899-12-30 08:00:00,2017-03-27 08:00:00,NULL,NULL,NULL,NULL,NULL,MACIEJ WAYDA,O,MET,PLG,0,?,NULL,NULL,NULL,NULL,NULL,NULL,NULL,NULL,NULL,0x000000000001941F
1924565,15502,35,1,L,1,2,15,PL.BK.08,2017,S,27.03,,2017-03-27,327,13,,LJ,985,73,LJ98573,,O,M,REG.REG,GOLDCREST,REGULUS REGULUS,,F,,,2,I,,,2,,2,,45,,1,,1,,4,,06,,7,,,,6,,1,,0,,0,,1,,4,,7,,,,,,51,,37,,4.7,,0.1,,,,,14,,+5,,NULL,NULL,NULL,NULL,NULL,NULL,NULL,NULL,,NULL,MWD,ŻYWOB,25,SIEĆ,BEZ,-,-,"WAYDA,MACIEJ",,1899-12-30 13:00:00,2017-03-27 13:00:00,NULL,NULL,NULL,NULL,NULL,MACIEJ WAYDA,O,MET,PLG,0,?,NULL,NULL,NULL,NULL,NULL,NULL,NULL,NULL,NULL,0x0000000000019420
1924566,15503,36,1,L,1,2,16,PL.BK.08,2017,S,27.03,,2017-03-27,327,17,,LJ,985,74,LJ98574,,O,M,REG.REG,GOLDCREST,REGULUS REGULUS,,F,,,2,I,,,2,,0,,,,,,,,,,,,,,,,NULL,,NULL,,NULL,,NULL,,NULL,,NULL,,NULL,,,,,,53,,38,,5.3,,0.1,,,,,,,,,NULL,NULL,NULL,NULL,NULL,NULL,NULL,NULL,,NULL,MWD,ŻYWOB,25,SIEĆ,BEZ,-,-,"WAYDA,MACIEJ",,1899-12-30 17:00:00,2017-03-27 17:00:00,NULL,NULL,NULL,NULL,NULL,MACIEJ WAYDA,O,MET,PLG,0,?,NULL,NULL,NULL,NULL,NULL,NULL,NULL,NULL,NULL,0x0000000000019421
1924567,15504,37,1,L,1,2,17,PL.BK.08,2017,S,28.03,,2017-03-28,328,6,,LJ,985,75,LJ98575,,O,M,TRO.TRO,WREN,TROGLODYTES TROGLODYTES,,,,,2,I,,,2,,3,,36,,1,,2,,04,,,,,,,,4,,0,,0,,0,,0,,1,,2,,,,,,50,,33,,9.2,,0.1,,,,,15,,+5,,NULL,NULL,NULL,NULL,NULL,NULL,NULL,NULL,,NULL,MWD,ŻYWOB,25,SIEĆ,BEZ,-,-,"WAYDA,MACIEJ",,1899-12-30 06:00:00,2017-03-28 06:00:00,NULL,NULL,NULL,NULL,NULL,MACIEJ WAYDA,O,MET,PLG,0,?,NULL,NULL,NULL,NULL,NULL,NULL,NULL,NULL,NULL,0x0000000000019422
1924568,15505,38,1,L,1,2,18,PL.BK.08,2017,S,28.03,,2017-03-28,328,6,,LJ,985,76,LJ98576,,O,M,REG.REG,GOLDCREST,REGULUS REGULUS,,F,,,2,I,,,2,,3,,45,,1,,1,,4,,8,,8,,,,8,,1,,0,,0,,1,,4,,8,,,,,,53,,39,,5,,0.1,,,,,21,,+4,,NULL,NULL,NULL,NULL,NULL,NULL,NULL,NULL,,NULL,MWD,ŻYWOB,25,SIEĆ,BEZ,-,-,"WAYDA,MACIEJ",,1899-12-30 06:00:00,2017-03-28 06:00:00,NULL,NULL,NULL,NULL,NULL,MACIEJ WAYDA,O,MET,PLG,0,?,NULL,NULL,NULL,NULL,NULL,NULL,NULL,NULL,NULL,0x0000000000019423
1924569,15506,39,1,L,1,2,19,PL.BK.08,2017,S,28.03,,2017-03-28,328,6,,LJ,985,77,LJ98577,,O,M,REG.REG,GOLDCREST,REGULUS REGULUS,,M,,,2,I,,,2,,2,,,,,,,,,,,,,,,,NULL,,NULL,,NULL,,NULL,,NULL,,NULL,,NULL,,,,,,54,,38,,5.5,,0.1,,,,,,,,,NULL,NULL,NULL,NULL,NULL,NULL,NULL,NULL,,NULL,MWD,ŻYWOB,25,SIEĆ,BEZ,-,-,"WAYDA,MACIEJ",,1899-12-30 06:00:00,2017-03-28 06:00:00,NULL,NULL,NULL,NULL,NULL,MACIEJ WAYDA,O,MET,PLG,0,?,NULL,NULL,NULL,NULL,NULL,NULL,NULL,NULL,NULL,0x0000000000019424
1924570,15507,40,1,L,1,2,20,PL.BK.08,2017,S,28.03,,2017-03-28,328,6,,LJ,985,78,LJ98578,,O,M,REG.IGN,FIRECREST,REGULUS IGNICAPILLA,,,,,P2,A,,,PO2,,2,,45,,1,,02,,3,,7,,08,,,,8,,2,,0,,0,,1,,3,,7,,,,,,53,,38,,5.6,,0.1,,,,,18,,+6,,NULL,NULL,NULL,NULL,NULL,NULL,NULL,NULL,,NULL,MWD,ŻYWOB,25,SIEĆ,BEZ,-,-,"WAYDA,MACIEJ",,1899-12-30 06:00:00,2017-03-28 06:00:00,NULL,NULL,NULL,NULL,NULL,MACIEJ WAYDA,O,MET,PLG,0,?,NULL,NULL,NULL,NULL,NULL,NULL,NULL,NULL,NULL,0x0000000000019425
1924571,15508,41,1,L,1,3,1,PL.BK.08,2017,S,28.03,,2017-03-28,328,6,,LJ,985,79,LJ98579,,O,M,REG.REG,GOLDCREST,REGULUS REGULUS,,M,,,2,I,,,2,,0,,,,,,,,,,,,,,,,NULL,,NULL,,NULL,,NULL,,NULL,,NULL,,NULL,,,,,,56,,NULL,,4.5,,0.1,,,,,,,,,NULL,NULL,NULL,NULL,NULL,NULL,NULL,NULL,,NULL,MWD,ŻYWOB,25,SIEĆ,BEZ,-,-,"WAYDA,MACIEJ",,1899-12-30 06:00:00,2017-03-28 06:00:00,NULL,NULL,NULL,NULL,NULL,MACIEJ WAYDA,O,MET,PLG,0,?,NULL,NULL,NULL,NULL,NULL,NULL,NULL,NULL,NULL,0x0000000000019426
1924572,15509,42,1,L,1,3,2,PL.BK.08,2017,S,28.03,,2017-03-28,328,6,,LJ,985,80,LJ98580,,O,M,REG.REG,GOLDCREST,REGULUS REGULUS,,F,,,P1,L,,,PO1,,2,,45,,1,,1,,3,,7,,7,,,,7,,1,,0,,0,,1,,3,,7,,,,,,51,,38,,5.3,,0.1,,,,,23,,+4,,NULL,NULL,NULL,NULL,NULL,NULL,NULL,NULL,,NULL,MWD,ŻYWOB,25,SIEĆ,BEZ,-,-,"WAYDA,MACIEJ",,1899-12-30 06:00:00,2017-03-28 06:00:00,NULL,NULL,NULL,NULL,NULL,MACIEJ WAYDA,O,MET,PLG,0,?,NULL,NULL,NULL,NULL,NULL,NULL,NULL,NULL,NULL,0x0000000000019427
1924573,15510,43,1,L,1,3,3,PL.BK.08,2017,S,28.03,,2017-03-28,328,6,,LJ,985,81,LJ98581,,O,M,REG.REG,GOLDCREST,REGULUS REGULUS,,M,,,2,I,,,2,,0,,45,,1,,1,,4,,06,,7,,,,6,,1,,0,,0,,1,,4,,7,,,,,,53,,38,,5.1,,0.1,,,,,23,,+5,,NULL,NULL,NULL,NULL,NULL,NULL,NULL,NULL,,NULL,MWD,ŻYWOB,25,SIEĆ,BEZ,-,-,"WAYDA,MACIEJ",,1899-12-30 06:00:00,2017-03-28 06:00:00,NULL,NULL,NULL,NULL,NULL,MACIEJ WAYDA,O,MET,PLG,0,?,NULL,NULL,NULL,NULL,NULL,NULL,NULL,NULL,NULL,0x0000000000019428
1924574,15511,44,1,L,1,3,4,PL.BK.08,2017,S,28.03,,2017-03-28,328,6,,LJ,985,82,LJ98582,,O,M,REG.REG,GOLDCREST,REGULUS REGULUS,,F,,,P1,L,,,PO1,,2,,45,,1,,1,,4,,7,,7,,,,7,,1,,0,,0,,1,,4,,7,,,,,,49,,36,,4.9,,0.1,,,,,19,,+4,,NULL,NULL,NULL,NULL,NULL,NULL,NULL,NULL,,NULL,MWD,ŻYWOB,25,SIEĆ,BEZ,-,-,"WAYDA,MACIEJ",,1899-12-30 06:00:00,2017-03-28 06:00:00,NULL,NULL,NULL,NULL,NULL,MACIEJ WAYDA,O,MET,PLG,0,?,NULL,NULL,NULL,NULL,NULL,NULL,NULL,NULL,NULL,0x0000000000019429
1924575,15512,45,1,L,1,3,5,PL.BK.08,2017,S,28.03,,2017-03-28,328,6,,LJ,985,83,LJ98583,,O,M,REG.REG,GOLDCREST,REGULUS REGULUS,,M,,,P1,L,,,PO1,,2,,45,,1,,1,,4,,06,,7,,,,6,,1,,0,,0,,1,,4,,7,,,,,,57,,38,,5.1,,0.1,,,,,23,,+5,,NULL,NULL,NULL,NULL,NULL,NULL,NULL,NULL,,NULL,MWD,ŻYWOB,25,SIEĆ,BEZ,-,-,"WAYDA,MACIEJ",,1899-12-30 06:00:00,2017-03-28 06:00:00,NULL,NULL,NULL,NULL,NULL,MACIEJ WAYDA,O,MET,PLG,0,?,NULL,NULL,NULL,NULL,NULL,NULL,NULL,NULL,NULL,0x000000000001942A
1924576,15513,46,1,L,1,3,6,PL.BK.08,2017,S,28.03,,2017-03-28,328,7,,LJ,985,84,LJ98584,,O,M,REG.REG,GOLDCREST,REGULUS REGULUS,,M,,,2,I,,,2,,2,,45,,1,,1,,4,,7,,7,,,,7,,1,,0,,0,,1,,4,,7,,,,,,54,,38,,5.2,,0.1,,,,,22,,+5,,NULL,NULL,NULL,NULL,NULL,NULL,NULL,NULL,,NULL,MWD,ŻYWOB,25,SIEĆ,BEZ,-,-,"WAYDA,MACIEJ",,1899-12-30 07:00:00,2017-03-28 07:00:00,NULL,NULL,NULL,NULL,NULL,MACIEJ WAYDA,O,MET,PLG,0,?,NULL,NULL,NULL,NULL,NULL,NULL,NULL,NULL,NULL,0x000000000001942B
1924577,15514,47,1,L,1,3,7,PL.BK.08,2017,S,28.03,,2017-03-28,328,7,,LJ,985,85,LJ98585,,O,M,REG.REG,GOLDCREST,REGULUS REGULUS,,M,,,2,I,,,2,,3,,45,,1,,1,,4,,7,,7,,,,7,,1,,0,,0,,1,,4,,7,,,,,,54,,38,,5.6,,0.1,,,,,22,,+7,,NULL,NULL,NULL,NULL,NULL,NULL,NULL,NULL,,NULL,MWD,ŻYWOB,25,SIEĆ,BEZ,-,-,"WAYDA,MACIEJ",,1899-12-30 07:00:00,2017-03-28 07:00:00,NULL,NULL,NULL,NULL,NULL,MACIEJ WAYDA,O,MET,PLG,0,?,NULL,NULL,NULL,NULL,NULL,NULL,NULL,NULL,NULL,0x000000000001942C
1924578,15515,48,1,L,1,3,8,PL.BK.08,2017,S,28.03,,2017-03-28,328,7,,LJ,985,86,LJ98586,,O,M,REG.REG,GOLDCREST,REGULUS REGULUS,,M,,,2,I,,,2,,0,,45,,1,,1,,4,,7,,7,,,,7,,1,,0,,0,,1,,4,,7,,,,,,53,,39,,5.2,,0.1,,,,,23,,+4,,NULL,NULL,NULL,NULL,NULL,NULL,NULL,NULL,,NULL,MWD,ŻYWOB,25,SIEĆ,BEZ,-,-,"WAYDA,MACIEJ",,1899-12-30 07:00:00,2017-03-28 07:00:00,NULL,NULL,NULL,NULL,NULL,MACIEJ WAYDA,O,MET,PLG,0,?,NULL,NULL,NULL,NULL,NULL,NULL,NULL,NULL,NULL,0x000000000001942D
1924579,15516,49,1,L,1,3,9,PL.BK.08,2017,S,28.03,,2017-03-28,328,7,,LJ,985,87,LJ98587,,O,M,REG.REG,GOLDCREST,REGULUS REGULUS,,F,,,2,I,,,2,,2,,45,,1,,1,,4,,7,,7,,,,7,,1,,0,,0,,1,,4,,7,,,,,,52,,38,,4.6,,0.1,,,,,22,,+4,,NULL,NULL,NULL,NULL,NULL,NULL,NULL,NULL,,NULL,MWD,ŻYWOB,25,SIEĆ,BEZ,-,-,"WAYDA,MACIEJ",,1899-12-30 07:00:00,2017-03-28 07:00:00,NULL,NULL,NULL,NULL,NULL,MACIEJ WAYDA,O,MET,PLG,0,?,NULL,NULL,NULL,NULL,NULL,NULL,NULL,NULL,NULL,0x000000000001942E
1924580,15517,50,1,L,1,3,10,PL.BK.08,2017,S,28.03,,2017-03-28,328,7,,LJ,985,88,LJ98588,,O,M,REG.REG,GOLDCREST,REGULUS REGULUS,,M,,,2,I,,,2,,0,,45,,1,,1,,5,,7,,08,,,,8,,1,,0,,0,,1,,5,,7,,,,,,54,,NULL,,4.6,,0.1,,,,,22,,+5,,NULL,NULL,NULL,NULL,NULL,NULL,NULL,NULL,,NULL,MWD,ŻYWOB,25,SIEĆ,BEZ,-,-,"WAYDA,MACIEJ",,1899-12-30 07:00:00,2017-03-28 07:00:00,NULL,NULL,NULL,NULL,NULL,MACIEJ WAYDA,O,MET,PLG,0,?,NULL,NULL,NULL,NULL,NULL,NULL,NULL,NULL,NULL,0x000000000001942F
1924581,15518,51,1,L,1,3,11,PL.BK.08,2017,S,28.03,,2017-03-28,328,8,,LJ,985,89,LJ98589,,O,M,REG.REG,GOLDCREST,REGULUS REGULUS,,M,,,P2,A,,,PO2,,0,,45,,1,,02,,5,,7,,08,,,,8,,2,,0,,0,,1,,5,,7,,,,,,55,,39,,4.8,,0.1,,,,,23,,+4,,NULL,NULL,NULL,NULL,NULL,NULL,NULL,NULL,,NULL,MWD,ŻYWOB,25,SIEĆ,BEZ,-,-,"WAYDA,MACIEJ",,1899-12-30 08:00:00,2017-03-28 08:00:00,NULL,NULL,NULL,NULL,NULL,MACIEJ WAYDA,O,MET,PLG,0,?,NULL,NULL,NULL,NULL,NULL,NULL,NULL,NULL,NULL,0x0000000000019430
1924582,15519,52,1,L,1,3,12,PL.BK.08,2017,S,28.03,,2017-03-28,328,8,,LJ,985,90,LJ98590,,O,M,CER.FAM,TREECREEPER,CERTHIA FAMILIARIS,,,,,P1,L,,,PO1,,0,,45,,1,,02,,7,,9,,011,,,,11,,2,,0,,0,,1,,7,,9,,,,,,64,,NULL,,8,,0.1,,,,,23,,+7,,NULL,NULL,NULL,NULL,NULL,NULL,NULL,NULL,,NULL,MWD,ŻYWOB,25,SIEĆ,BEZ,-,-,"WAYDA,MACIEJ",,1899-12-30 08:00:00,2017-03-28 08:00:00,NULL,NULL,NULL,NULL,NULL,MACIEJ WAYDA,O,MET,PLG,0,?,NULL,NULL,NULL,NULL,NULL,NULL,NULL,NULL,NULL,0x0000000000019431
1924583,15520,53,1,L,1,3,13,PL.BK.08,2017,S,28.03,,2017-03-28,328,8,,LJ,985,71,LJ98571,,R,M,REG.REG,GOLDCREST,REGULUS REGULUS,,M,,,2,I,,,2,,2,,,,,,,,,,,,,,,,NULL,,NULL,,NULL,,NULL,,NULL,,NULL,,NULL,,,,,,NULL,,NULL,,5.1,,0.1,,,,,,,,,NULL,NULL,NULL,NULL,NULL,NULL,NULL,NULL,,NULL,MWD,ŻYWOB,25,SIEĆ,BEZ,-,-,"WAYDA,MACIEJ",,1899-12-30 08:00:00,2017-03-28 08:00:00,NULL,NULL,NULL,NULL,NULL,MACIEJ WAYDA,R,MET,PLG,0,?,NULL,NULL,NULL,NULL,NULL,NULL,NULL,NULL,NULL,0x0000000000019432
1924584,15521,54,1,L,1,3,14,PL.BK.08,2017,S,28.03,,2017-03-28,328,8,,LJ,985,91,LJ98591,,O,M,REG.REG,GOLDCREST,REGULUS REGULUS,,M,,,2,I,,,2,,3,,45,,1,,1,,4,,7,,7,,,,7,,1,,0,,0,,1,,4,,7,,,,,,54,,38,,5.9,,0.1,,,,,22,,+6,,NULL,NULL,NULL,NULL,NULL,NULL,NULL,NULL,,NULL,MWD,ŻYWOB,25,SIEĆ,BEZ,-,-,"WAYDA,MACIEJ",,1899-12-30 08:00:00,2017-03-28 08:00:00,NULL,NULL,NULL,NULL,NULL,MACIEJ WAYDA,O,MET,PLG,0,?,NULL,NULL,NULL,NULL,NULL,NULL,NULL,NULL,NULL,0x0000000000019433
1924585,15522,55,1,L,1,3,15,PL.BK.08,2017,S,28.03,,2017-03-28,328,8,,LJ,985,92,LJ98592,,O,M,REG.REG,GOLDCREST,REGULUS REGULUS,,M,,,2,I,,,2,,0,,45,,1,,1,,4,,7,,7,,,,7,,1,,0,,0,,1,,4,,7,,,,,,54,,40,,4.7,,0.1,,,,,22,,+5,,NULL,NULL,NULL,NULL,NULL,NULL,NULL,NULL,,NULL,MWD,ŻYWOB,25,SIEĆ,BEZ,-,-,"WAYDA,MACIEJ",,1899-12-30 08:00:00,2017-03-28 08:00:00,NULL,NULL,NULL,NULL,NULL,MACIEJ WAYDA,O,MET,PLG,0,?,NULL,NULL,NULL,NULL,NULL,NULL,NULL,NULL,NULL,0x0000000000019434
1924586,15523,56,1,L,1,3,16,PL.BK.08,2017,S,28.03,,2017-03-28,328,8,,LJ,985,93,LJ98593,,O,M,REG.REG,GOLDCREST,REGULUS REGULUS,,F,,,2,I,,,2,,0,,45,,1,,1,,5,,7,,08,,,,8,,1,,0,,0,,1,,5,,7,,,,,,52,,40,,5.2,,0.1,,,,,22,,+4,,NULL,NULL,NULL,NULL,NULL,NULL,NULL,NULL,,NULL,MWD,ŻYWOB,25,SIEĆ,BEZ,-,-,"WAYDA,MACIEJ",,1899-12-30 08:00:00,2017-03-28 08:00:00,NULL,NULL,NULL,NULL,NULL,MACIEJ WAYDA,O,MET,PLG,0,?,NULL,NULL,NULL,NULL,NULL,NULL,NULL,NULL,NULL,0x0000000000019435
1924587,15524,57,1,L,1,3,17,PL.BK.08,2017,S,28.03,,2017-03-28,328,8,,LJ,985,94,LJ98594,,O,M,REG.REG,GOLDCREST,REGULUS REGULUS,,M,,,2,I,,,2,,2,,45,,1,,1,,4,,7,,08,,,,8,,1,,0,,0,,1,,4,,7,,,,,,54,,39,,5.1,,0.1,,,,,22,,+6,,NULL,NULL,NULL,NULL,NULL,NULL,NULL,NULL,,NULL,MWD,ŻYWOB,25,SIEĆ,BEZ,-,-,"WAYDA,MACIEJ",,1899-12-30 08:00:00,2017-03-28 08:00:00,NULL,NULL,NULL,NULL,NULL,MACIEJ WAYDA,O,MET,PLG,0,?,NULL,NULL,NULL,NULL,NULL,NULL,NULL,NULL,NULL,0x0000000000019436
1924588,15525,58,1,L,1,3,18,PL.BK.08,2017,S,28.03,,2017-03-28,328,8,,LJ,985,95,LJ98595,,O,M,REG.REG,GOLDCREST,REGULUS REGULUS,,F,,,2,I,,,2,,0,,45,,1,,1,,4,,6,,07,,,,7,,1,,0,,0,,1,,4,,6,,,,,,52,,38,,5.2,,0.1,,,,,21,,+5,,NULL,NULL,NULL,NULL,NULL,NULL,NULL,NULL,,NULL,MWD,ŻYWOB,25,SIEĆ,BEZ,-,-,"WAYDA,MACIEJ",,1899-12-30 08:00:00,2017-03-28 08:00:00,NULL,NULL,NULL,NULL,NULL,MACIEJ WAYDA,O,MET,PLG,0,?,NULL,NULL,NULL,NULL,NULL,NULL,NULL,NULL,NULL,0x0000000000019437
1924589,15526,59,1,L,1,3,19,PL.BK.08,2017,S,28.03,,2017-03-28,328,8,,LJ,985,96,LJ98596,,O,M,REG.IGN,FIRECREST,REGULUS IGNICAPILLA,,M,,,2,I,,,2,,0,,45,,1,,1,,5,,7,,7,,,,7,,1,,0,,0,,1,,5,,7,,,,,,53,,38,,5.3,,0.1,,,,,22,,+5,,NULL,NULL,NULL,NULL,NULL,NULL,NULL,NULL,,NULL,MWD,ŻYWOB,25,SIEĆ,BEZ,-,-,"WAYDA,MACIEJ",,1899-12-30 08:00:00,2017-03-28 08:00:00,NULL,NULL,NULL,NULL,NULL,MACIEJ WAYDA,O,MET,PLG,0,?,NULL,NULL,NULL,NULL,NULL,NULL,NULL,NULL,NULL,0x0000000000019438
1924590,15527,60,1,L,1,3,20,PL.BK.08,2017,S,28.03,,2017-03-28,328,8,,LJ,985,97,LJ98597,,O,M,REG.REG,GOLDCREST,REGULUS REGULUS,,F,,,2,I,,,2,,0,,45,,1,,1,,5,,07,,8,,,,7,,1,,0,,0,,1,,5,,8,,,,,,52,,38,,5.1,,0.1,,,,,20,,+5,,NULL,NULL,NULL,NULL,NULL,NULL,NULL,NULL,,NULL,MWD,ŻYWOB,25,SIEĆ,BEZ,-,-,"WAYDA,MACIEJ",,1899-12-30 08:00:00,2017-03-28 08:00:00,NULL,NULL,NULL,NULL,NULL,MACIEJ WAYDA,O,MET,PLG,0,?,NULL,NULL,NULL,NULL,NULL,NULL,NULL,NULL,NULL,0x0000000000019439
1924591,15528,61,1,L,1,4,1,PL.BK.08,2017,S,28.03,,2017-03-28,328,9,,LJ,985,98,LJ98598,,O,M,PHY.COL,CHIFFCHAFF,PHYLLOSCOPUS COLLYBITA,,,,,2,I,,,2,,0,,,,,,,,,,,,,,,,NULL,,NULL,,NULL,,NULL,,NULL,,NULL,,NULL,,,,,,62,,NULL,,7.5,,0.1,,,NULL,,24,,+4,,13,NULL,NULL,NULL,NULL,NULL,NULL,NULL,,NULL,MWD,ŻYWOB,25,SIEĆ,BEZ,-,-,"WAYDA,MACIEJ",,1899-12-30 09:00:00,2017-03-28 09:00:00,NULL,NULL,NULL,NULL,NULL,MACIEJ WAYDA,O,MET,PLG,0,?,NULL,NULL,NULL,NULL,NULL,NULL,NULL,NULL,NULL,0x000000000001943A
1924592,15529,62,1,L,1,4,2,PL.BK.08,2017,S,28.03,,2017-03-28,328,9,,LJ,985,99,LJ98599,,O,,REG.REG,GOLDCREST,REGULUS REGULUS,,M,,,2,I,,,2,,2,,45,,1,,1,,5,,7,,7,,,,7,,1,,0,,0,,1,,5,,7,,,,,,54,,38,,5.4,,0.1,,,,,22,,+4,,NULL,NULL,NULL,NULL,NULL,NULL,NULL,NULL,,NULL,MWD,ŻYWOB,25,SIEĆ,BEZ,-,-,"WAYDA,MACIEJ",,1899-12-30 09:00:00,2017-03-28 09:00:00,NULL,NULL,NULL,NULL,NULL,MACIEJ WAYDA,O,MET,PLG,0,?,NULL,NULL,NULL,NULL,NULL,NULL,NULL,NULL,NULL,0x000000000001943B
1924593,15530,63,1,L,1,4,3,PL.BK.08,2017,S,28.03,,2017-03-28,328,10,,LJ,986,00,LJ98600,,O,Z,REG.REG,GOLDCREST,REGULUS REGULUS,,M,,,2,I,,,2,,3,,45,,1,,1,,5,,7,,7,,,,7,,1,,0,,0,,1,,5,,7,,,,,,54,,37,,5.4,,0.1,,,,,22,,+5,,NULL,NULL,NULL,NULL,NULL,NULL,NULL,NULL,,NULL,MWD,ŻYWOB,25,SIEĆ,BEZ,-,-,"WAYDA,MACIEJ",,1899-12-30 10:00:00,2017-03-28 10:00:00,NULL,NULL,NULL,NULL,NULL,MACIEJ WAYDA,O,MET,PLG,0,?,NULL,NULL,NULL,NULL,NULL,NULL,NULL,NULL,NULL,0x000000000001943C
1924594,15531,64,1,L,1,4,4,PL.BK.08,2017,S,28.03,,2017-03-28,328,10,,LJ,986,01,LJ98601,,O,M,REG.IGN,FIRECREST,REGULUS IGNICAPILLA,,M,,,2,I,,,2,,2,,45,,1,,1,,4,,07,,9,,,,7,,1,,0,,0,,1,,4,,9,,,,,,54,,40,,5.3,,0.1,,,,,22,,+4,,NULL,NULL,NULL,NULL,NULL,NULL,NULL,NULL,,NULL,MWD,ŻYWOB,25,SIEĆ,BEZ,-,-,"WAYDA,MACIEJ",,1899-12-30 10:00:00,2017-03-28 10:00:00,NULL,NULL,NULL,NULL,NULL,MACIEJ WAYDA,O,MET,PLG,0,?,NULL,NULL,NULL,NULL,NULL,NULL,NULL,NULL,NULL,0x000000000001943D
1924595,15532,65,1,L,1,4,5,PL.BK.08,2017,S,28.03,,2017-03-28,328,10,,LJ,986,02,LJ98602,,O,M,REG.REG,GOLDCREST,REGULUS REGULUS,,F,,,2,I,,,2,,2,,45,,1,,1,,5,,7,,7,,,,7,,1,,0,,0,,1,,5,,7,,,,,,51,,36,,5.3,,0.1,,,,,19,,+4,,NULL,NULL,NULL,NULL,NULL,NULL,NULL,NULL,,NULL,MWD,ŻYWOB,25,SIEĆ,BEZ,-,-,"WAYDA,MACIEJ",,1899-12-30 10:00:00,2017-03-28 10:00:00,NULL,NULL,NULL,NULL,NULL,MACIEJ WAYDA,O,MET,PLG,0,?,NULL,NULL,NULL,NULL,NULL,NULL,NULL,NULL,NULL,0x000000000001943E
1924596,15533,66,1,L,1,4,6,PL.BK.08,2017,S,28.03,,2017-03-28,328,10,,LJ,986,03,LJ98603,,O,M,REG.REG,GOLDCREST,REGULUS REGULUS,,M,,,2,I,,,2,,3,,45,,1,,1,,4,,06,,7,,,,6,,1,,0,,0,,1,,4,,7,,,,,,54,,40,,5.6,,0.1,,,,,24,,+4,,NULL,NULL,NULL,NULL,NULL,NULL,NULL,NULL,,NULL,MWD,ŻYWOB,25,SIEĆ,BEZ,-,-,"WAYDA,MACIEJ",,1899-12-30 10:00:00,2017-03-28 10:00:00,NULL,NULL,NULL,NULL,NULL,MACIEJ WAYDA,O,MET,PLG,0,?,NULL,NULL,NULL,NULL,NULL,NULL,NULL,NULL,NULL,0x000000000001943F
1924597,15534,67,1,L,1,4,7,PL.BK.08,2017,S,28.03,,2017-03-28,328,10,,LJ,986,04,LJ98604,,O,M,REG.REG,GOLDCREST,REGULUS REGULUS,,F,,,2,I,,,2,,0,,45,,1,,1,,4,,06,,7,,,,6,,1,,0,,0,,1,,4,,7,,,,,,52,,40,,5,,0.1,,,,,21,,+4,,NULL,NULL,NULL,NULL,NULL,NULL,NULL,NULL,,NULL,MWD,ŻYWOB,25,SIEĆ,BEZ,-,-,"WAYDA,MACIEJ",,1899-12-30 10:00:00,2017-03-28 10:00:00,NULL,NULL,NULL,NULL,NULL,MACIEJ WAYDA,O,MET,PLG,0,?,NULL,NULL,NULL,NULL,NULL,NULL,NULL,NULL,NULL,0x0000000000019440
1924598,15535,68,1,L,1,4,8,PL.BK.08,2017,S,28.03,,2017-03-28,328,11,,LJ,986,05,LJ98605,,O,Z,REG.REG,GOLDCREST,REGULUS REGULUS,,M,,,P2,A,,,PO2,,2,,45,,1,,1,,4,,07,,8,,,,7,,1,,0,,0,,1,,4,,8,,,,,,55,,42,,5.3,,0.1,,,,,25,,+4,,NULL,NULL,NULL,NULL,NULL,NULL,NULL,NULL,,NULL,MWD,ŻYWOB,25,SIEĆ,BEZ,-,-,"WAYDA,MACIEJ",,1899-12-30 11:00:00,2017-03-28 11:00:00,NULL,NULL,NULL,NULL,NULL,MACIEJ WAYDA,O,MET,PLG,0,?,NULL,NULL,NULL,NULL,NULL,NULL,NULL,NULL,NULL,0x0000000000019441
1924599,15536,69,1,L,1,4,9,PL.BK.08,2017,S,28.03,,2017-03-28,328,11,,LJ,986,06,LJ98606,,O,Z,REG.REG,GOLDCREST,REGULUS REGULUS,,F,,,2,I,,,2,,2,,45,,1,,02,,4,,7,,7,,,,7,,2,,0,,0,,1,,4,,7,,,,,,54,,40,,5.5,,0.1,,,,,,,,,NULL,NULL,NULL,NULL,NULL,NULL,NULL,NULL,,NULL,MWD,ŻYWOB,25,SIEĆ,BEZ,-,-,"WAYDA,MACIEJ",,1899-12-30 11:00:00,2017-03-28 11:00:00,NULL,NULL,NULL,NULL,NULL,MACIEJ WAYDA,O,MET,PLG,0,?,NULL,NULL,NULL,NULL,NULL,NULL,NULL,NULL,NULL,0x0000000000019442
1924600,15537,70,1,L,1,4,10,PL.BK.08,2017,S,28.03,,2017-03-28,328,11,,LJ,986,07,LJ98607,,O,M,REG.REG,GOLDCREST,REGULUS REGULUS,,M,,,2,I,,,2,,3,,45,,1,,1,,5,,7,,7,,,,7,,1,,0,,0,,1,,5,,7,,,,,,53,,39,,5.7,,0.1,,,,,22,,+5,,NULL,NULL,NULL,NULL,NULL,NULL,NULL,NULL,,NULL,MWD,ŻYWOB,25,SIEĆ,BEZ,-,-,"WAYDA,MACIEJ",,1899-12-30 11:00:00,2017-03-28 11:00:00,NULL,NULL,NULL,NULL,NULL,MACIEJ WAYDA,O,MET,PLG,0,?,NULL,NULL,NULL,NULL,NULL,NULL,NULL,NULL,NULL,0x0000000000019443
1924601,15538,71,1,L,1,4,11,PL.BK.08,2017,S,28.03,,2017-03-28,328,12,,LJ,986,08,LJ98608,,O,M,REG.REG,GOLDCREST,REGULUS REGULUS,,M,,,2,I,,,2,,0,,45,,1,,1,,4,,7,,08,,,,8,,1,,0,,0,,1,,4,,7,,,,,,56,,39,,5,,0.1,,,,,23,,+4,,NULL,NULL,NULL,NULL,NULL,NULL,NULL,NULL,,NULL,MWD,ŻYWOB,25,SIEĆ,BEZ,-,-,"WAYDA,MACIEJ",,1899-12-30 12:00:00,2017-03-28 12:00:00,NULL,NULL,NULL,NULL,NULL,MACIEJ WAYDA,O,MET,PLG,0,?,NULL,NULL,NULL,NULL,NULL,NULL,NULL,NULL,NULL,0x0000000000019444
1924602,15539,72,1,L,1,4,12,PL.BK.08,2017,S,28.03,,2017-03-28,328,17,,LJ,986,09,LJ98609,,O,M,REG.REG,GOLDCREST,REGULUS REGULUS,,M,,,2,I,,,2,,0,,45,,1,,1,,5,,7,,7,,,,7,,1,,0,,0,,1,,5,,7,,,,,,54,,39,,4.8,,0.1,,,,,22,,+5,,NULL,NULL,NULL,NULL,NULL,NULL,NULL,NULL,,NULL,MWD,ŻYWOB,25,SIEĆ,BEZ,-,-,"WAYDA,MACIEJ",,1899-12-30 17:00:00,2017-03-28 17:00:00,NULL,NULL,NULL,NULL,NULL,MACIEJ WAYDA,O,MET,PLG,0,?,NULL,NULL,NULL,NULL,NULL,NULL,NULL,NULL,NULL,0x0000000000019445
1924603,15540,73,1,L,1,4,13,PL.BK.08,2017,S,28.03,,2017-03-28,328,17,,LJ,986,10,LJ98610,,O,M,REG.REG,GOLDCREST,REGULUS REGULUS,,M,,,2,I,,,2,,2,,45,,1,,1,,5,,8,,8,,,,8,,1,,0,,0,,1,,5,,8,,,,,,53,,38,,5.6,,0.1,,,,,22,,+6,,NULL,NULL,NULL,NULL,NULL,NULL,NULL,NULL,,NULL,MWD,ŻYWOB,25,SIEĆ,BEZ,-,-,"WAYDA,MACIEJ",,1899-12-30 17:00:00,2017-03-28 17:00:00,NULL,NULL,NULL,NULL,NULL,MACIEJ WAYDA,O,MET,PLG,0,?,NULL,NULL,NULL,NULL,NULL,NULL,NULL,NULL,NULL,0x0000000000019446
1924604,15541,74,1,L,1,4,14,PL.BK.08,2017,S,28.03,,2017-03-28,328,20,,LJ,986,11,LJ98611,,O,M,TRO.TRO,WREN,TROGLODYTES TROGLODYTES,,,,,2,I,,,2,,2,,36,,1,,2,,05,,,,,,,,5,,0,,0,,0,,0,,1,,2,,,,,,51,,32,,NULL,,0.1,,,,,15,,+6,,NULL,NULL,NULL,NULL,NULL,NULL,NULL,NULL,,NULL,MWD,ŻYWOB,25,SIEĆ,BEZ,-,-,"WAYDA,MACIEJ",,1899-12-30 20:00:00,2017-03-28 20:00:00,NULL,NULL,NULL,NULL,NULL,MACIEJ WAYDA,O,MET,PLG,0,?,NULL,NULL,NULL,NULL,NULL,NULL,NULL,NULL,NULL,0x0000000000019447
1924605,15542,75,1,L,1,4,15,PL.BK.08,2017,S,28.03,,2017-03-28,328,20,,LJ,986,12,LJ98612,,O,M,TRO.TRO,WREN,TROGLODYTES TROGLODYTES,,,,,2,I,,,2,,0,,,,,,,,,,,,,,,,NULL,,NULL,,NULL,,NULL,,NULL,,NULL,,NULL,,,,,,49,,32,,NULL,,0.1,,,,,,,,,NULL,NULL,NULL,NULL,NULL,NULL,NULL,NULL,,NULL,MWD,ŻYWOB,25,SIEĆ,BEZ,-,-,"WAYDA,MACIEJ",,1899-12-30 20:00:00,2017-03-28 20:00:00,NULL,NULL,NULL,NULL,NULL,MACIEJ WAYDA,O,MET,PLG,0,?,NULL,NULL,NULL,NULL,NULL,NULL,NULL,NULL,NULL,0x0000000000019448
1924606,15543,76,1,L,1,4,16,PL.BK.08,2017,S,28.03,,2017-03-28,328,20,,LJ,986,13,LJ98613,,O,M,TRO.TRO,WREN,TROGLODYTES TROGLODYTES,,,,,P2,A,,,PO2,,3,,36,,1,,3,,06,,,,,,,,6,,0,,0,,0,,0,,1,,3,,,,,,50,,32,,NULL,,0.1,,,,,15,,+6,,NULL,NULL,NULL,NULL,NULL,NULL,NULL,NULL,,NULL,MWD,ŻYWOB,25,SIEĆ,BEZ,-,-,"WAYDA,MACIEJ",,1899-12-30 20:00:00,2017-03-28 20:00:00,NULL,NULL,NULL,NULL,NULL,MACIEJ WAYDA,O,MET,PLG,0,?,NULL,NULL,NULL,NULL,NULL,NULL,NULL,NULL,NULL,0x0000000000019449
1924607,15544,77,1,L,1,4,17,PL.BK.08,2017,S,28.03,,2017-03-28,328,20,,LJ,986,14,LJ98614,,O,M,PHY.COL,CHIFFCHAFF,PHYLLOSCOPUS COLLYBITA,,,,,P2,A,,,PO2,,2,,45,,1,,1,,3,,8,,8,,,,8,,1,,0,,0,,1,,3,,8,,,,,,62,,51,,NULL,,0.1,,,,,23,,+5,,NULL,NULL,NULL,NULL,NULL,NULL,NULL,NULL,,NULL,MWD,ŻYWOB,25,SIEĆ,BEZ,-,-,"WAYDA,MACIEJ",,1899-12-30 20:00:00,2017-03-28 20:00:00,NULL,NULL,NULL,NULL,NULL,MACIEJ WAYDA,O,MET,PLG,0,?,NULL,NULL,NULL,NULL,NULL,NULL,NULL,NULL,NULL,0x000000000001944A
1924608,15545,78,1,L,1,4,18,PL.BK.08,2017,S,29.03,,2017-03-29,329,6,,LJ,986,15,LJ98615,,O,M,REG.REG,GOLDCREST,REGULUS REGULUS,,F,,,2,I,,,2,,2,,45,,1,,1,,4,,7,,08,,,,8,,1,,0,,0,,1,,4,,7,,,,,,52,,37,,NULL,,0.1,,,,,21,,+4,,NULL,NULL,NULL,NULL,NULL,NULL,NULL,NULL,,NULL,MWD,ŻYWOB,25,SIEĆ,BEZ,-,-,"WAYDA,MACIEJ",,1899-12-30 06:00:00,2017-03-29 06:00:00,NULL,NULL,NULL,NULL,NULL,MACIEJ WAYDA,O,MET,PLG,0,?,NULL,NULL,NULL,NULL,NULL,NULL,NULL,NULL,NULL,0x000000000001944B
1924609,15546,79,1,L,1,4,19,PL.BK.08,2017,S,29.03,,2017-03-29,329,6,,LJ,986,16,LJ98616,,O,,REG.REG,GOLDCREST,REGULUS REGULUS,,M,,,2,I,,,2,,0,,,,,,,,,,,,,,,,NULL,,NULL,,NULL,,NULL,,NULL,,NULL,,NULL,,,,,,NULL,,NULL,,NULL,,0.1,,,,,,,,,NULL,NULL,NULL,NULL,NULL,NULL,NULL,NULL,,NULL,MWD,ŻYWOB,25,SIEĆ,BEZ,-,-,"WAYDA,MACIEJ",,1899-12-30 06:00:00,2017-03-29 06:00:00,NULL,NULL,NULL,NULL,NULL,MACIEJ WAYDA,O,MET,PLG,0,?,NULL,NULL,NULL,NULL,NULL,NULL,NULL,NULL,NULL,0x000000000001944C
1924610,15547,80,1,L,1,4,20,PL.BK.08,2017,S,29.03,,2017-03-29,329,6,,LJ,986,17,LJ98617,,O,,REG.REG,GOLDCREST,REGULUS REGULUS,,F,,,2,I,,,2,,2,,,,,,,,,,,,,,,,NULL,,NULL,,NULL,,NULL,,NULL,,NULL,,NULL,,,,,,NULL,,NULL,,NULL,,0.1,,,,,,,,,NULL,NULL,NULL,NULL,NULL,NULL,NULL,NULL,,NULL,MWD,ŻYWOB,25,SIEĆ,BEZ,-,-,"WAYDA,MACIEJ",,1899-12-30 06:00:00,2017-03-29 06:00:00,NULL,NULL,NULL,NULL,NULL,MACIEJ WAYDA,O,MET,PLG,0,?,NULL,NULL,NULL,NULL,NULL,NULL,NULL,NULL,NULL,0x000000000001944D
1924611,15548,81,1,L,1,5,1,PL.BK.08,2017,S,29.03,,2017-03-29,329,6,,LJ,986,18,LJ98618,,O,M,REG.REG,GOLDCREST,REGULUS REGULUS,,F,,,2,I,,,2,,2,,,,,,,,,,,,,,,,NULL,,NULL,,NULL,,NULL,,NULL,,NULL,,NULL,,,,,,NULL,,NULL,,NULL,,0.1,,,,,,,,,NULL,NULL,NULL,NULL,NULL,NULL,NULL,NULL,,NULL,MWD,ŻYWOB,25,SIEĆ,BEZ,-,-,"WAYDA,MACIEJ",,1899-12-30 06:00:00,2017-03-29 06:00:00,NULL,NULL,NULL,NULL,NULL,MACIEJ WAYDA,O,MET,PLG,0,?,NULL,NULL,NULL,NULL,NULL,NULL,NULL,NULL,NULL,0x000000000001944E
1924612,15549,82,1,L,1,5,2,PL.BK.08,2017,S,29.03,,2017-03-29,329,6,,LJ,986,19,LJ98619,,O,M,REG.REG,GOLDCREST,REGULUS REGULUS,,F,,,2,I,,,2,,2,,,,,,,,,,,,,,,,NULL,,NULL,,NULL,,NULL,,NULL,,NULL,,NULL,,,,,,NULL,,NULL,,NULL,,0.1,,,,,,,,,NULL,NULL,NULL,NULL,NULL,NULL,NULL,NULL,,NULL,MWD,ŻYWOB,25,SIEĆ,BEZ,-,-,"WAYDA,MACIEJ",,1899-12-30 06:00:00,2017-03-29 06:00:00,NULL,NULL,NULL,NULL,NULL,MACIEJ WAYDA,O,MET,PLG,0,?,NULL,NULL,NULL,NULL,NULL,NULL,NULL,NULL,NULL,0x000000000001944F
1924613,15550,83,1,L,1,5,3,PL.BK.08,2017,S,29.03,,2017-03-29,329,6,,LJ,986,20,LJ98620,,O,M,REG.REG,GOLDCREST,REGULUS REGULUS,,F,,,2,I,,,2,,0,,,,,,,,,,,,,,,,NULL,,NULL,,NULL,,NULL,,NULL,,NULL,,NULL,,,,,,NULL,,NULL,,NULL,,0.1,,,,,,,,,NULL,NULL,NULL,NULL,NULL,NULL,NULL,NULL,,NULL,MWD,ŻYWOB,25,SIEĆ,BEZ,-,-,"WAYDA,MACIEJ",,1899-12-30 06:00:00,2017-03-29 06:00:00,NULL,NULL,NULL,NULL,NULL,MACIEJ WAYDA,O,MET,PLG,0,?,NULL,NULL,NULL,NULL,NULL,NULL,NULL,NULL,NULL,0x0000000000019450
1924614,15551,84,1,L,1,5,4,PL.BK.08,2017,S,29.03,,2017-03-29,329,6,,LJ,986,21,LJ98621,,O,M,REG.REG,GOLDCREST,REGULUS REGULUS,,F,,,2,I,,,2,,2,,,,,,,,,,,,,,,,NULL,,NULL,,NULL,,NULL,,NULL,,NULL,,NULL,,,,,,NULL,,NULL,,NULL,,0.1,,,,,,,,,NULL,NULL,NULL,NULL,NULL,NULL,NULL,NULL,,NULL,MWD,ŻYWOB,25,SIEĆ,BEZ,-,-,"WAYDA,MACIEJ",,1899-12-30 06:00:00,2017-03-29 06:00:00,NULL,NULL,NULL,NULL,NULL,MACIEJ WAYDA,O,MET,PLG,0,?,NULL,NULL,NULL,NULL,NULL,NULL,NULL,NULL,NULL,0x0000000000019451
1924615,15552,85,1,L,1,5,5,PL.BK.08,2017,S,29.03,,2017-03-29,329,6,,LJ,986,22,LJ98622,,O,M,REG.REG,GOLDCREST,REGULUS REGULUS,,F,,,2,I,,,2,,0,,,,,,,,,,,,,,,,NULL,,NULL,,NULL,,NULL,,NULL,,NULL,,NULL,,,,,,NULL,,NULL,,NULL,,0.1,,,,,,,,,NULL,NULL,NULL,NULL,NULL,NULL,NULL,NULL,,NULL,MWD,ŻYWOB,25,SIEĆ,BEZ,-,-,"WAYDA,MACIEJ",,1899-12-30 06:00:00,2017-03-29 06:00:00,NULL,NULL,NULL,NULL,NULL,MACIEJ WAYDA,O,MET,PLG,0,?,NULL,NULL,NULL,NULL,NULL,NULL,NULL,NULL,NULL,0x0000000000019452
1924616,15553,86,1,L,1,5,6,PL.BK.08,2017,S,29.03,,2017-03-29,329,6,,LJ,986,23,LJ98623,,O,M,REG.REG,GOLDCREST,REGULUS REGULUS,,F,,,2,I,,,2,,3,,,,,,,,,,,,,,,,NULL,,NULL,,NULL,,NULL,,NULL,,NULL,,NULL,,,,,,NULL,,NULL,,NULL,,0.1,,,,,,,,,NULL,NULL,NULL,NULL,NULL,NULL,NULL,NULL,,NULL,MWD,ŻYWOB,25,SIEĆ,BEZ,-,-,"WAYDA,MACIEJ",,1899-12-30 06:00:00,2017-03-29 06:00:00,NULL,NULL,NULL,NULL,NULL,MACIEJ WAYDA,O,MET,PLG,0,?,NULL,NULL,NULL,NULL,NULL,NULL,NULL,NULL,NULL,0x0000000000019453
1924617,15554,87,1,L,1,5,7,PL.BK.08,2017,S,29.03,,2017-03-29,329,6,,LJ,986,24,LJ98624,,O,M,REG.REG,GOLDCREST,REGULUS REGULUS,,F,,,2,I,,,2,,0,,,,,,,,,,,,,,,,NULL,,NULL,,NULL,,NULL,,NULL,,NULL,,NULL,,,,,,NULL,,NULL,,NULL,,0.1,,,,,,,,,NULL,NULL,NULL,NULL,NULL,NULL,NULL,NULL,,NULL,MWD,ŻYWOB,25,SIEĆ,BEZ,-,-,"WAYDA,MACIEJ",,1899-12-30 06:00:00,2017-03-29 06:00:00,NULL,NULL,NULL,NULL,NULL,MACIEJ WAYDA,O,MET,PLG,0,?,NULL,NULL,NULL,NULL,NULL,NULL,NULL,NULL,NULL,0x0000000000019454
1924618,15555,88,1,L,1,5,8,PL.BK.08,2017,S,29.03,,2017-03-29,329,6,,LJ,986,25,LJ98625,,O,M,REG.REG,GOLDCREST,REGULUS REGULUS,,F,,,2,I,,,2,,3,,,,,,,,,,,,,,,,NULL,,NULL,,NULL,,NULL,,NULL,,NULL,,NULL,,,,,,NULL,,NULL,,NULL,,0.1,,,,,,,,,NULL,NULL,NULL,NULL,NULL,NULL,NULL,NULL,,NULL,MWD,ŻYWOB,25,SIEĆ,BEZ,-,-,"WAYDA,MACIEJ",,1899-12-30 06:00:00,2017-03-29 06:00:00,NULL,NULL,NULL,NULL,NULL,MACIEJ WAYDA,O,MET,PLG,0,?,NULL,NULL,NULL,NULL,NULL,NULL,NULL,NULL,NULL,0x0000000000019455
1924619,15556,89,1,L,1,5,9,PL.BK.08,2017,S,29.03,,2017-03-29,329,6,,LJ,986,26,LJ98626,,O,M,REG.REG,GOLDCREST,REGULUS REGULUS,,M,,,2,I,,,2,,0,,,,,,,,,,,,,,,,NULL,,NULL,,NULL,,NULL,,NULL,,NULL,,NULL,,,,,,NULL,,NULL,,NULL,,0.1,,,,,,,,,NULL,NULL,NULL,NULL,NULL,NULL,NULL,NULL,,NULL,MWD,ŻYWOB,25,SIEĆ,BEZ,-,-,"WAYDA,MACIEJ",,1899-12-30 06:00:00,2017-03-29 06:00:00,NULL,NULL,NULL,NULL,NULL,MACIEJ WAYDA,O,MET,PLG,0,?,NULL,NULL,NULL,NULL,NULL,NULL,NULL,NULL,NULL,0x0000000000019456
1924620,15557,90,1,L,1,5,10,PL.BK.08,2017,S,29.03,,2017-03-29,329,6,,LJ,986,27,LJ98627,,O,M,REG.REG,GOLDCREST,REGULUS REGULUS,,F,,,2,I,,,2,,2,,,,,,,,,,,,,,,,NULL,,NULL,,NULL,,NULL,,NULL,,NULL,,NULL,,,,,,NULL,,NULL,,NULL,,0.1,,,,,,,,,NULL,NULL,NULL,NULL,NULL,NULL,NULL,NULL,,NULL,MWD,ŻYWOB,25,SIEĆ,BEZ,-,-,"WAYDA,MACIEJ",,1899-12-30 06:00:00,2017-03-29 06:00:00,NULL,NULL,NULL,NULL,NULL,MACIEJ WAYDA,O,MET,PLG,0,?,NULL,NULL,NULL,NULL,NULL,NULL,NULL,NULL,NULL,0x0000000000019457
1924621,15558,91,1,L,1,5,11,PL.BK.08,2017,S,29.03,,2017-03-29,329,6,,LJ,986,28,LJ98628,,O,M,REG.IGN,FIRECREST,REGULUS IGNICAPILLA,,M,,,2,I,,,2,,0,,,,,,,,,,,,,,,,NULL,,NULL,,NULL,,NULL,,NULL,,NULL,,NULL,,,,,,NULL,,NULL,,NULL,,0.1,,,,,,,,,NULL,NULL,NULL,NULL,NULL,NULL,NULL,NULL,,NULL,MWD,ŻYWOB,25,SIEĆ,BEZ,-,-,"WAYDA,MACIEJ",,1899-12-30 06:00:00,2017-03-29 06:00:00,NULL,NULL,NULL,NULL,NULL,MACIEJ WAYDA,O,MET,PLG,0,?,NULL,NULL,NULL,NULL,NULL,NULL,NULL,NULL,NULL,0x0000000000019458
1924622,15559,92,1,L,1,5,12,PL.BK.08,2017,S,29.03,,2017-03-29,329,6,,LJ,986,29,LJ98629,,O,M,REG.REG,GOLDCREST,REGULUS REGULUS,,F,,,2,I,,,2,,3,,,,,,,,,,,,,,,,NULL,,NULL,,NULL,,NULL,,NULL,,NULL,,NULL,,,,,,NULL,,NULL,,NULL,,0.1,,,,,,,,,NULL,NULL,NULL,NULL,NULL,NULL,NULL,NULL,,NULL,MWD,ŻYWOB,25,SIEĆ,BEZ,-,-,"WAYDA,MACIEJ",,1899-12-30 06:00:00,2017-03-29 06:00:00,NULL,NULL,NULL,NULL,NULL,MACIEJ WAYDA,O,MET,PLG,0,?,NULL,NULL,NULL,NULL,NULL,NULL,NULL,NULL,NULL,0x0000000000019459
1924623,15560,93,1,L,1,5,13,PL.BK.08,2017,S,29.03,,2017-03-29,329,6,,LJ,986,30,LJ98630,,O,M,REG.REG,GOLDCREST,REGULUS REGULUS,,F,,,2,I,,,2,,2,,,,,,,,,,,,,,,,NULL,,NULL,,NULL,,NULL,,NULL,,NULL,,NULL,,,,,,NULL,,NULL,,NULL,,0.1,,,,,,,,,NULL,NULL,NULL,NULL,NULL,NULL,NULL,NULL,,NULL,MWD,ŻYWOB,25,SIEĆ,BEZ,-,-,"WAYDA,MACIEJ",,1899-12-30 06:00:00,2017-03-29 06:00:00,NULL,NULL,NULL,NULL,NULL,MACIEJ WAYDA,O,MET,PLG,0,?,NULL,NULL,NULL,NULL,NULL,NULL,NULL,NULL,NULL,0x000000000001945A
1924624,15561,94,1,L,1,5,14,PL.BK.08,2017,S,29.03,,2017-03-29,329,6,,LJ,986,31,LJ98631,,O,M,REG.IGN,FIRECREST,REGULUS IGNICAPILLA,,M,,,2,I,,,2,,2,,,,,,,,,,,,,,,,NULL,,NULL,,NULL,,NULL,,NULL,,NULL,,NULL,,,,,,NULL,,NULL,,NULL,,0.1,,,,,,,,,NULL,NULL,NULL,NULL,NULL,NULL,NULL,NULL,,NULL,MWD,ŻYWOB,25,SIEĆ,BEZ,-,-,"WAYDA,MACIEJ",,1899-12-30 06:00:00,2017-03-29 06:00:00,NULL,NULL,NULL,NULL,NULL,MACIEJ WAYDA,O,MET,PLG,0,?,NULL,NULL,NULL,NULL,NULL,NULL,NULL,NULL,NULL,0x000000000001945B
1924625,15562,95,1,L,1,5,15,PL.BK.08,2017,S,29.03,,2017-03-29,329,6,,LJ,986,32,LJ98632,,O,M,REG.REG,GOLDCREST,REGULUS REGULUS,,M,,,2,I,,,2,,3,,,,,,,,,,,,,,,,NULL,,NULL,,NULL,,NULL,,NULL,,NULL,,NULL,,,,,,NULL,,NULL,,NULL,,0.1,,,,,,,,,NULL,NULL,NULL,NULL,NULL,NULL,NULL,NULL,,NULL,MWD,ŻYWOB,25,SIEĆ,BEZ,-,-,"WAYDA,MACIEJ",,1899-12-30 06:00:00,2017-03-29 06:00:00,NULL,NULL,NULL,NULL,NULL,MACIEJ WAYDA,O,MET,PLG,0,?,NULL,NULL,NULL,NULL,NULL,NULL,NULL,NULL,NULL,0x000000000001945C
1924626,15563,96,1,L,1,5,16,PL.BK.08,2017,S,29.03,,2017-03-29,329,6,,LJ,986,33,LJ98633,,O,M,REG.REG,GOLDCREST,REGULUS REGULUS,,F,,,2,I,,,2,,2,,,,,,,,,,,,,,,,NULL,,NULL,,NULL,,NULL,,NULL,,NULL,,NULL,,,,,,NULL,,NULL,,NULL,,0.1,,,,,,,,,NULL,NULL,NULL,NULL,NULL,NULL,NULL,NULL,,NULL,MWD,ŻYWOB,25,SIEĆ,BEZ,-,-,"WAYDA,MACIEJ",,1899-12-30 06:00:00,2017-03-29 06:00:00,NULL,NULL,NULL,NULL,NULL,MACIEJ WAYDA,O,MET,PLG,0,?,NULL,NULL,NULL,NULL,NULL,NULL,NULL,NULL,NULL,0x000000000001945D
1924627,15564,97,1,L,1,5,17,PL.BK.08,2017,S,29.03,,2017-03-29,329,6,,LJ,986,34,LJ98634,,O,M,REG.REG,GOLDCREST,REGULUS REGULUS,,F,,,2,I,,,2,,3,,,,,,,,,,,,,,,,NULL,,NULL,,NULL,,NULL,,NULL,,NULL,,NULL,,,,,,NULL,,NULL,,NULL,,0.1,,,,,,,,,NULL,NULL,NULL,NULL,NULL,NULL,NULL,NULL,,NULL,MWD,ŻYWOB,25,SIEĆ,BEZ,-,-,"WAYDA,MACIEJ",,1899-12-30 06:00:00,2017-03-29 06:00:00,NULL,NULL,NULL,NULL,NULL,MACIEJ WAYDA,O,MET,PLG,0,?,NULL,NULL,NULL,NULL,NULL,NULL,NULL,NULL,NULL,0x000000000001945E
1924628,15565,98,1,L,1,5,18,PL.BK.08,2017,S,29.03,,2017-03-29,329,6,,LJ,986,35,LJ98635,,O,M,REG.REG,GOLDCREST,REGULUS REGULUS,,F,,,2,I,,,2,,3,,,,,,,,,,,,,,,,NULL,,NULL,,NULL,,NULL,,NULL,,NULL,,NULL,,,,,,NULL,,NULL,,NULL,,0.1,,,,,,,,,NULL,NULL,NULL,NULL,NULL,NULL,NULL,NULL,,NULL,MWD,ŻYWOB,25,SIEĆ,BEZ,-,-,"WAYDA,MACIEJ",,1899-12-30 06:00:00,2017-03-29 06:00:00,NULL,NULL,NULL,NULL,NULL,MACIEJ WAYDA,O,MET,PLG,0,?,NULL,NULL,NULL,NULL,NULL,NULL,NULL,NULL,NULL,0x000000000001945F
1924629,15566,99,1,L,1,5,19,PL.BK.08,2017,S,29.03,,2017-03-29,329,6,,LJ,986,36,LJ98636,,O,M,REG.REG,GOLDCREST,REGULUS REGULUS,,F,,,2,I,,,2,,3,,,,,,,,,,,,,,,,NULL,,NULL,,NULL,,NULL,,NULL,,NULL,,NULL,,,,,,NULL,,NULL,,NULL,,0.1,,,,,,,,,NULL,NULL,NULL,NULL,NULL,NULL,NULL,NULL,,NULL,MWD,ŻYWOB,25,SIEĆ,BEZ,-,-,"WAYDA,MACIEJ",,1899-12-30 06:00:00,2017-03-29 06:00:00,NULL,NULL,NULL,NULL,NULL,MACIEJ WAYDA,O,MET,PLG,0,?,NULL,NULL,NULL,NULL,NULL,NULL,NULL,NULL,NULL,0x0000000000019460
1924630,15567,100,1,L,1,5,20,PL.BK.08,2017,S,29.03,,2017-03-29,329,6,,LJ,986,37,LJ98637,,O,M,REG.REG,GOLDCREST,REGULUS REGULUS,,F,,,2,I,,,2,,2,,,,,,,,,,,,,,,,NULL,,NULL,,NULL,,NULL,,NULL,,NULL,,NULL,,,,,,NULL,,NULL,,NULL,,0.1,,,,,,,,,NULL,NULL,NULL,NULL,NULL,NULL,NULL,NULL,,NULL,MWD,ŻYWOB,25,SIEĆ,BEZ,-,-,"WAYDA,MACIEJ",,1899-12-30 06:00:00,2017-03-29 06:00:00,NULL,NULL,NULL,NULL,NULL,MACIEJ WAYDA,O,MET,PLG,0,?,NULL,NULL,NULL,NULL,NULL,NULL,NULL,NULL,NULL,0x0000000000019461
1924631,15568,101,1,L,1,6,1,PL.BK.08,2017,S,29.03,,2017-03-29,329,7,,LJ,986,38,LJ98638,,O,M,REG.REG,GOLDCREST,REGULUS REGULUS,,F,,,2,I,,,2,,3,,,,,,,,,,,,,,,,NULL,,NULL,,NULL,,NULL,,NULL,,NULL,,NULL,,,,,,NULL,,NULL,,NULL,,0.1,,,,,,,,,NULL,NULL,NULL,NULL,NULL,NULL,NULL,NULL,,NULL,MWD,ŻYWOB,25,SIEĆ,BEZ,-,-,"WAYDA,MACIEJ",,1899-12-30 07:00:00,2017-03-29 07:00:00,NULL,NULL,NULL,NULL,NULL,MACIEJ WAYDA,O,MET,PLG,0,?,NULL,NULL,NULL,NULL,NULL,NULL,NULL,NULL,NULL,0x0000000000019462
1924632,15569,102,1,L,1,6,2,PL.BK.08,2017,S,29.03,,2017-03-29,329,7,,LJ,986,39,LJ98639,,O,M,REG.REG,GOLDCREST,REGULUS REGULUS,,F,,,2,I,,,2,,3,,,,,,,,,,,,,,,,NULL,,NULL,,NULL,,NULL,,NULL,,NULL,,NULL,,,,,,NULL,,NULL,,NULL,,0.1,,,,,,,,,NULL,NULL,NULL,NULL,NULL,NULL,NULL,NULL,,NULL,MWD,ŻYWOB,25,SIEĆ,BEZ,-,-,"WAYDA,MACIEJ",,1899-12-30 07:00:00,2017-03-29 07:00:00,NULL,NULL,NULL,NULL,NULL,MACIEJ WAYDA,O,MET,PLG,0,?,NULL,NULL,NULL,NULL,NULL,NULL,NULL,NULL,NULL,0x0000000000019463
1924633,15570,103,1,L,1,6,3,PL.BK.08,2017,S,29.03,,2017-03-29,329,7,,LJ,986,40,LJ98640,,O,M,REG.REG,GOLDCREST,REGULUS REGULUS,,F,,,2,I,,,2,,2,,,,,,,,,,,,,,,,NULL,,NULL,,NULL,,NULL,,NULL,,NULL,,NULL,,,,,,NULL,,NULL,,NULL,,0.1,,,,,,,,,NULL,NULL,NULL,NULL,NULL,NULL,NULL,NULL,,NULL,MWD,ŻYWOB,25,SIEĆ,BEZ,-,-,"WAYDA,MACIEJ",,1899-12-30 07:00:00,2017-03-29 07:00:00,NULL,NULL,NULL,NULL,NULL,MACIEJ WAYDA,O,MET,PLG,0,?,NULL,NULL,NULL,NULL,NULL,NULL,NULL,NULL,NULL,0x0000000000019464
